recipient_id,name,type,preferred_food_category,max_daily_quantity,zip_code,latitude,longitude
1,Bryan Johnson,pantry,bakery,86,36311,-88.623859,-136.071147
2,Stuart Williams,student,bakery,31,35627,-9.019096,1.474805
3,Kevin Cooley,shelter,dairy,61,40865,-13.4402605,154.154209
4,Richard Greene,pantry,bakery,84,26150,70.696942,35.106035
5,Sarah Brown,shelter,meat,46,55558,10.4971115,-46.502947
6,Carrie Leonard,shelter,vegetable,27,03713,18.3434885,173.356868
7,Bruce Delgado,student,dairy,18,67933,-49.8489025,-11.841198
8,Manuel Freeman,shelter,fruit,47,11038,0.909463,-74.766842
9,Tim Adams,pantry,dairy,27,23984,-89.014429,179.924849
10,Denise Joyce,student,bakery,99,75636,73.9493355,68.183639
11,Michael Hughes,student,vegetable,58,90286,-51.8934315,-128.672963
12,Kenneth Reyes,student,vegetable,34,32797,81.3694695,95.106441
13,Robert Dyer,student,dairy,44,33543,46.838817,-178.261864
14,Jacob Conrad,shelter,bakery,29,69337,-28.3015885,143.915393
15,Tiffany Mcdowell,student,vegetable,58,37819,80.172507,-177.939583
16,Russell Daniels,student,bakery,41,61610,-62.437873,-71.953730
17,Tracy Williams MD,pantry,bakery,7,16840,-40.277439,87.460593
18,Linda Alexander,student,dairy,25,73809,79.883697,-139.268117
19,Nicole Carter,student,fruit,30,43474,-35.5607915,-149.791793
20,Brandon Harris,shelter,fruit,36,70018,-57.5418505,127.736696
21,Mary Morgan,pantry,dairy,9,02616,-64.947232,-95.834195
22,Casey Johnson,pantry,meat,22,97821,-71.7657115,32.247813
23,Victoria Sanchez,pantry,bakery,73,40222,69.6716175,2.374314
24,Shelley Gonzalez,pantry,dairy,35,36030,-51.4113315,-111.061804
25,Kellie Smith,shelter,vegetable,76,57774,21.5209485,-11.265827
26,Carl Sanchez,shelter,fruit,33,56791,44.0632465,-120.206402
27,Julie Robinson,student,dairy,58,77809,-54.974685,14.058169
28,Michael Smith,shelter,fruit,19,57848,-61.9459845,151.732420
29,Kathleen Davis,student,vegetable,53,32302,-21.316475,72.222278
30,Cameron Johnson,pantry,bakery,56,60269,70.882280,-98.068632
31,Bailey Olson,student,meat,74,65687,78.826699,87.533080
32,Bryan Robinson,shelter,dairy,68,72812,33.8700405,-100.578932
33,Steven Gardner,student,meat,66,96406,-37.8851985,-121.528321
34,Mark Nichols,pantry,bakery,14,15608,21.793221,140.717696
35,Connor Williams,shelter,vegetable,12,06804,36.711744,105.784880
36,Jesus Garcia,pantry,meat,56,52065,33.931315,-106.979582
37,Jennifer Lopez,student,vegetable,67,45139,-68.2560505,-81.932094
38,Zachary Ryan,student,fruit,44,53055,-74.913938,22.918647
39,Charles Campbell,shelter,vegetable,27,26706,-19.3046585,-7.856003
40,Angela Graham,student,bakery,18,72573,72.855388,28.539299
41,Leroy Taylor,pantry,bakery,12,93952,53.799361,-142.574747
42,Timothy Davis,pantry,meat,83,74600,64.4494385,-170.574800
43,Alice Sanchez,pantry,meat,69,27230,-24.126078,-94.067543
44,Amanda Simpson,pantry,meat,87,64908,24.7956885,-75.739361
45,Steven Harrison,pantry,meat,48,34682,88.975042,57.995161
46,Ruben Patel,student,dairy,5,52977,72.609163,-133.404547
47,Robin Green,pantry,bakery,30,97045,-88.695324,-135.485966
48,Curtis Armstrong,pantry,vegetable,77,38731,53.247463,57.356003
49,Katelyn Peterson,shelter,bakery,10,62686,-14.6340255,-31.057246
50,Albert Gibbs,shelter,meat,96,97239,11.415891,70.702585
51,Elizabeth Lane,student,dairy,86,43647,-75.6974755,40.219283
52,Kayla Martinez,pantry,meat,25,50264,-84.8168945,120.601102
53,Michael Lindsey,shelter,fruit,7,62687,-75.4311825,7.851051
54,Jill Bryant,student,dairy,47,46034,86.673214,47.396344
55,Christina Gray,pantry,vegetable,94,87785,-51.4730925,98.754765
56,Alexis Roach,pantry,meat,60,44124,81.078400,139.428551
57,Kelly Zamora,shelter,fruit,35,77762,-64.302862,69.843121
58,Chelsea Smith,shelter,dairy,18,08204,-56.2067425,113.013375
59,Mark Moon,student,vegetable,19,81701,81.996972,136.732319
60,Nathan Keith,pantry,meat,49,64560,55.387129,-67.417541
61,Charles Steele,pantry,dairy,48,60058,-15.117447,-62.370055
62,Angela Ramirez,student,fruit,46,26093,67.9189515,-109.697234
63,Gregory Cole,student,vegetable,60,09884,-83.0455515,-131.484483
64,Jason Stokes,shelter,vegetable,69,69875,-56.7684315,137.825270
65,Angelica Collier,pantry,dairy,15,20037,-21.378130,141.873997
66,Mr. John Martin,shelter,vegetable,32,54423,67.779768,86.860823
67,Jeremy King,shelter,fruit,94,48006,18.0388735,5.396869
68,Anthony Lynch,pantry,fruit,96,56976,89.991087,69.895692
69,Lacey Ruiz,student,fruit,79,62608,-43.622952,-146.368222
70,John Waters,shelter,bakery,47,96420,-82.5288785,111.672220
71,Garrett Smith,shelter,meat,68,41822,59.946335,166.595094
72,Jennifer Patterson,shelter,meat,99,49530,12.808343,-24.082910
73,Stacy Spencer,pantry,vegetable,46,07846,40.812300,32.183232
74,Kristin Bush,student,dairy,99,36749,24.6100915,-23.439082
75,Jeffery Bray,student,fruit,93,90734,-0.866640,42.767355
76,Hannah Larson,shelter,bakery,46,94001,51.576605,-176.881720
77,Haley Mitchell,pantry,vegetable,18,53107,0.8332735,95.973537
78,Elizabeth Hill,shelter,bakery,58,86408,-34.0140905,-158.943117
79,Mr. Daniel Blanchard,pantry,bakery,63,25953,11.598893,173.715360
80,Wanda Kim,pantry,fruit,42,84693,-56.6318055,-75.908929
81,Andrew Harrison,shelter,bakery,89,34890,2.2888765,146.712853
82,Jane Gutierrez,pantry,bakery,95,74898,-25.5704935,56.700316
83,Heather Keller,student,bakery,33,01806,-53.479553,-146.707471
84,Samantha Sims,pantry,fruit,39,98142,60.6382605,169.561188
85,Vanessa Williams,shelter,fruit,5,73928,21.878817,-152.520678
86,Ronald Johnson,student,meat,17,67431,-41.0957295,-115.606771
87,Ian Larsen,student,fruit,89,45798,25.710081,-86.675376
88,David Sharp,student,vegetable,52,61086,15.425649,-117.347787
89,Leon Kemp,student,dairy,62,75377,67.386735,59.198479
90,Samuel Smith,student,meat,29,77711,40.730752,-0.352937
91,Mr. Mathew Larson,shelter,vegetable,18,45488,78.406514,158.221205
92,Sarah Santiago,student,vegetable,14,05159,17.4660985,-106.984752
93,Ricky Ortiz,shelter,vegetable,63,13115,21.124331,52.248100
94,Elizabeth Hughes,student,bakery,33,39347,-72.812529,161.392093
95,Charlotte Clark,student,meat,92,37685,47.484906,-115.649163
96,Jeremy Sanchez,shelter,meat,64,75258,65.1357495,154.853765
97,Kimberly Rangel,shelter,bakery,76,04539,46.9917945,171.270943
98,April Sheppard,shelter,vegetable,17,38570,-58.5429065,45.652077
99,Matthew Mendez,pantry,fruit,94,31505,63.2557665,-19.932570
100,John Whitaker,pantry,dairy,87,40082,30.5220495,-78.185191
101,Martin Johnson,shelter,vegetable,50,51793,43.870488,156.767606
102,Christopher Torres,student,meat,28,23562,-32.2085375,175.100770
103,Kimberly Bradford,student,bakery,36,97481,27.0997915,-24.324883
104,Susan Meyers,pantry,bakery,13,73163,1.4059125,41.565370
105,Debra Stewart,shelter,fruit,50,66050,-14.3426945,62.745904
106,Donald Davis,student,fruit,7,13051,61.9084915,168.574381
107,Michael Porter,student,fruit,47,46117,65.653329,-1.342321
108,Mr. Sean Hall,pantry,meat,8,75307,16.8998255,-150.022927
109,Brenda Collier,student,fruit,60,24794,66.3400045,17.792055
110,Michael Stevens,shelter,vegetable,60,06136,32.5323005,62.745937
111,Amy Schultz,student,meat,93,70548,-66.568359,-168.325363
112,Gerald Montoya,student,vegetable,97,04255,56.437011,47.716041
113,Mr. Sean Oneill,student,dairy,61,51187,-21.2228375,150.382808
114,James Davila,shelter,meat,13,70539,-79.847395,-178.978477
115,Jesse Mathis,shelter,dairy,16,47961,-83.091117,-130.910605
116,Rebecca Holland,shelter,meat,49,19146,-80.146620,177.922596
117,Susan Juarez,shelter,fruit,66,99127,19.7660665,-69.845304
118,William Williams,shelter,bakery,79,01688,-52.7247435,37.516142
119,Stacy Harris,pantry,dairy,9,13147,-58.2381855,-45.416298
120,Larry Butler,shelter,meat,47,69930,-16.2470055,-157.681809
121,Alexander Harris,student,meat,70,30298,-75.254638,78.045797
122,Heather Cardenas,student,meat,75,15685,75.768457,-100.941817
123,Joseph Webb IV,student,dairy,68,85566,-66.3417925,-64.623258
124,Dr. Laura Carroll,shelter,fruit,43,57848,-77.3751825,175.820395
125,Anthony Jones,pantry,dairy,83,40211,37.696465,-94.907673
126,Sarah Bush,pantry,bakery,24,44622,-44.9168585,-148.371611
127,Patrick Terry,shelter,meat,96,30470,-73.8853295,124.019768
128,Emily Williams,shelter,fruit,20,57677,-20.429182,28.155721
129,Nicholas Mathews,student,fruit,37,70158,53.286776,139.383162
130,Brandon Floyd,pantry,meat,5,65139,-14.777759,50.709875
131,Brittany George,pantry,bakery,38,79266,-2.550864,-65.016441
132,Faith Alexander,shelter,bakery,83,49071,25.4897765,-152.474328
133,Jacob Saunders,student,fruit,88,56611,89.162886,-131.610204
134,Jessica Luna,shelter,bakery,77,62865,46.055701,101.109986
135,Shawn Hines,pantry,bakery,47,43333,74.2981775,-121.807695
136,Steven Taylor,shelter,vegetable,23,70443,57.4476055,27.370079
137,Jared Hanson,pantry,meat,68,46222,-86.336159,-92.380738
138,Carlos Peters,student,meat,33,80973,40.7775255,-129.787709
139,Nicole Young,pantry,fruit,11,61910,51.246867,102.949834
140,David Zhang,pantry,fruit,63,82266,-38.6762405,-1.650854
141,James Patton,student,meat,25,78258,-35.770712,-131.951681
142,Dr. Cathy Estes,student,vegetable,10,28897,-58.5992605,164.056851
143,Jennifer Miller,pantry,fruit,15,58278,-3.7339885,95.408812
144,Steven Cherry,student,vegetable,51,05999,62.1213825,63.047131
145,Jesus Herman,pantry,bakery,24,92395,-63.7187455,166.180550
146,Brian Stevens,student,meat,15,03239,-1.7967395,-71.192003
147,Alison Mcintosh,pantry,fruit,50,86204,-4.5524185,162.644498
148,Deborah Powers,pantry,dairy,83,25236,49.4625795,3.082799
149,Zachary Walter,student,meat,14,30599,1.357493,-153.680679
150,James Lawrence,student,vegetable,93,41222,-33.703440,-122.052405
151,Sean Monroe,shelter,dairy,99,72708,-28.2044025,-45.054861
152,Tracy Bailey,pantry,bakery,77,02383,-57.692424,-22.696513
153,Maria Roberts,student,bakery,90,56582,84.5652035,23.050026
154,Kevin Burns,shelter,dairy,17,14378,-45.782095,-7.459901
155,Jerry Harris,pantry,bakery,89,55231,-30.1497215,-161.859094
156,Julie Howe,shelter,dairy,51,17080,-63.920514,174.253220
157,Joseph King,student,vegetable,8,96801,71.597968,-25.395022
158,Warren Anderson,student,meat,55,00821,-31.748617,172.133090
159,Michael Baird,student,fruit,57,50895,25.1960715,-15.258963
160,Norma Leblanc,shelter,meat,19,45943,3.8551265,121.530724
161,Thomas Smith,student,meat,6,84192,41.0095245,41.527661
162,Tina Martinez,student,meat,64,69689,28.3434375,136.128841
163,Haley Evans,student,dairy,81,08689,7.504497,-49.928613
164,Angela Mitchell,shelter,bakery,47,96550,37.9709305,-159.177898
165,Marcus Johnston,pantry,fruit,44,61040,67.202899,144.628206
166,Jennifer Reeves,student,dairy,37,39440,22.307958,-145.952167
167,Sean Figueroa,shelter,vegetable,49,92787,-51.945492,142.598079
168,Kevin Browning,pantry,dairy,65,38302,-45.8996905,-120.928799
169,Beth Cox,student,dairy,95,56826,-58.376124,-147.225726
170,Lisa Flores,pantry,bakery,86,92754,47.8488655,-25.992406
171,Stanley Snyder,shelter,meat,32,86906,-19.2961265,-53.091847
172,Jamie Fischer,shelter,fruit,79,19411,-31.038651,-98.816206
173,Misty Fisher,shelter,bakery,56,70849,-59.055000,173.681855
174,Paula Miller,pantry,dairy,6,92201,24.805701,15.134832
175,Leslie Anderson,pantry,fruit,16,32840,27.1883795,-153.561876
176,Amanda Ellis,pantry,vegetable,41,10678,-9.9551955,-50.877989
177,Brittany Woods,student,dairy,71,68940,-8.390984,81.893969
178,Jason Castaneda,student,vegetable,18,27939,-31.5790795,-11.228076
179,Annette Nunez,student,fruit,53,18465,77.7203055,-146.657455
180,Mr. Daniel Rivera,shelter,vegetable,53,72262,3.4692835,-176.807569
181,Stephanie Higgins DDS,shelter,meat,79,20937,-54.1043155,151.775151
182,Lauren Harris,pantry,meat,69,09542,-55.0706935,-25.611535
183,Brian Gibson,shelter,vegetable,16,87610,-9.065949,-155.626862
184,Karen Thompson,shelter,fruit,78,58666,-42.3167785,-141.745946
185,Kimberly Vargas DDS,pantry,meat,78,51466,40.459453,112.511141
186,Mr. Kevin Rogers,student,meat,72,26136,-26.241715,-141.019436
187,David Hubbard,pantry,vegetable,11,35593,18.750488,-49.530576
188,Robin Calhoun,student,vegetable,25,09683,18.517251,129.492280
189,Jacqueline Bryan,student,vegetable,8,49859,-49.0760625,99.857072
190,Todd Shea,student,dairy,61,22705,-51.3121235,-31.757843
191,Nancy Dunn,shelter,bakery,52,31424,27.047011,-85.610183
192,Mathew Matthews,shelter,bakery,87,96787,-15.151680,67.705127
193,Raymond Rush,shelter,bakery,90,26686,-27.973789,42.891963
194,Ryan Harper,pantry,fruit,80,87440,18.8556585,6.945125
195,William Larson,pantry,meat,93,30183,50.4632745,-12.266939
196,Scott Fry,student,bakery,30,07768,-28.9468995,-70.578233
197,Richard Gates,shelter,dairy,63,33398,35.945230,-0.690375
198,Jennifer Gilbert,pantry,meat,52,19497,42.745576,170.543950
199,Jessica Pham,student,fruit,92,76971,5.3753305,61.586310
200,Jacob Anderson,pantry,bakery,32,80599,1.4878035,-65.133374
201,Jamie Taylor,student,vegetable,78,25306,-36.572610,-89.671234
202,Pamela Adams,student,meat,73,07561,4.9132735,59.236290
203,Janet Martinez,pantry,bakery,15,52875,-1.156078,-152.034027
204,James Martin,pantry,bakery,56,23545,36.998897,144.111754
205,Carolyn Salazar,student,fruit,27,24284,-25.2367885,171.491300
206,Jacob Herrera,student,meat,31,98562,74.987345,-16.487882
207,Tristan Hunt,student,bakery,81,57870,-6.0164115,-89.485290
208,Evelyn Lawson,shelter,fruit,74,04372,77.855357,-56.304636
209,Erin Porter,shelter,vegetable,75,47679,-21.556213,-63.683607
210,Heather Sullivan,shelter,dairy,5,28983,39.018142,-130.846831
211,Jerry Miller,pantry,bakery,50,32376,42.933672,-1.960004
212,Melissa Williams,shelter,vegetable,27,13906,42.8565755,-146.201991
213,Ralph Mcdowell,student,meat,57,26248,-37.864701,-170.832544
214,Amber Wade,student,vegetable,68,70353,81.442708,-85.050632
215,Lori Williams,pantry,meat,10,91409,-53.458470,-124.603853
216,Michael Valdez,student,meat,68,96745,-30.3182445,177.530837
217,Victoria Gray,shelter,fruit,57,19976,88.5090475,-87.897052
218,Dennis Franco,shelter,fruit,5,32759,-13.5344535,28.151131
219,Stefanie Miller,pantry,fruit,16,44942,-8.0339965,-115.108914
220,Robert Brown,pantry,bakery,97,45474,45.239200,50.798424
221,Leah Delgado,student,vegetable,16,78406,44.8253915,-134.230837
222,Amanda Heath,shelter,fruit,42,14812,-33.047234,-158.701237
223,Lisa Marshall,shelter,bakery,74,90818,79.5320395,-92.468809
224,Clayton Grimes,pantry,bakery,61,59935,-0.719209,-161.396130
225,Mark Bailey,pantry,dairy,40,40574,68.538224,57.763367
226,Gary Price,shelter,meat,26,52014,53.0280805,-134.986110
227,Jeffrey Gould,student,dairy,34,58690,70.7582085,-2.085336
228,Raymond Richmond,pantry,bakery,16,81431,-47.8465285,100.275649
229,Michael Hardin,student,dairy,65,36846,-1.726039,-8.097543
230,Ashley Galloway,student,dairy,59,35882,3.516950,107.385055
231,Samantha Garcia,shelter,meat,7,80941,89.089185,28.550849
232,Arthur Jimenez,pantry,meat,61,77169,-53.460603,-160.845290
233,Scott Baker,student,dairy,45,93272,83.418912,45.710255
234,Luke Carey,pantry,meat,70,50760,36.916609,-160.139968
235,Alex Dalton,pantry,fruit,86,01948,45.136536,-127.299990
236,Ashley Freeman,pantry,fruit,5,52360,52.6235295,81.258781
237,Stephanie Bradshaw,student,vegetable,29,10075,53.149641,171.332874
238,Maria Rodriguez,shelter,bakery,41,54227,58.983265,123.797384
239,Elizabeth Morgan,pantry,dairy,59,40424,-35.0166775,96.471099
240,Jennifer Werner,student,meat,13,35542,-13.2695375,-6.482820
241,Michael Murillo,pantry,bakery,63,51671,-59.550020,53.594822
242,Laura Miller,pantry,meat,20,22954,-66.467129,67.602907
243,Jeremy West,shelter,vegetable,31,36321,-4.319237,-162.816875
244,David Mccall,shelter,dairy,55,30770,-45.513711,-126.578185
245,Tina Burns,shelter,meat,26,52234,-23.8879055,-7.952400
246,Stanley Wallace,shelter,vegetable,27,70198,-51.029724,-24.044871
247,Marc Baker,student,vegetable,33,16529,-50.005991,-5.049041
248,Ashley Martin,student,fruit,34,85614,49.506821,-115.490721
249,Michael Barber,pantry,dairy,66,00861,-72.386438,114.151100
250,Scott Robinson,pantry,bakery,48,88709,-85.2741285,132.940368
251,Mark Hunt,student,bakery,92,80961,-88.855330,-21.098019
252,Donna Middleton,student,dairy,66,12441,22.7468885,141.024186
253,Emily Simpson,pantry,vegetable,50,86741,49.5084485,80.527023
254,Sabrina Mullins,student,vegetable,36,43512,47.634071,149.857323
255,Cameron Smith,pantry,vegetable,10,22622,47.3423225,-21.621981
256,Jeffrey Smith,pantry,bakery,11,77373,-28.2659965,-147.929865
257,Robert Morris,pantry,fruit,66,83403,-84.8914275,-19.538655
258,Tammy Stephenson DDS,student,meat,24,06964,-70.687071,-77.864144
259,Jordan Williams,pantry,bakery,63,91124,71.5885195,-140.895114
260,Eric Mitchell,shelter,dairy,90,28379,87.0695195,97.446284
261,Bryce Peterson,pantry,bakery,14,38912,73.2025565,108.335973
262,Brian Evans,pantry,meat,96,71938,61.799056,12.176053
263,Megan Moran,pantry,bakery,30,24258,54.232323,-105.326929
264,Colton Lee,pantry,meat,27,13533,27.5757045,-168.501757
265,Allison Hayes,pantry,vegetable,43,37919,53.1753545,142.853544
266,Tara Bartlett,student,fruit,60,81624,77.0348835,145.466166
267,Alexander Garcia,pantry,vegetable,58,71272,29.898229,21.788283
268,Rachel Smith,pantry,fruit,71,55800,29.6399395,-40.502387
269,Donald Wagner,student,meat,11,90903,-51.6477715,134.545116
270,Elizabeth Yates,student,fruit,26,89348,74.800199,-160.553281
271,Heather Smith,shelter,fruit,96,41261,-15.793853,-39.149285
272,James Caldwell,pantry,vegetable,27,67391,73.549511,-45.633211
273,Carrie Cole,pantry,vegetable,38,10890,-70.9069015,-117.300926
274,Derek Good,pantry,dairy,38,47647,14.1888445,84.124666
275,Timothy King,shelter,meat,26,87995,65.786008,138.196764
276,Patricia Patterson,pantry,fruit,25,64961,-47.360622,-64.684090
277,Gabriel Baker,shelter,meat,63,01493,32.702681,110.673812
278,Matthew Smith,student,dairy,18,73536,-70.2215815,147.868087
279,Robert Nelson,shelter,dairy,92,03435,-42.2376155,11.100277
280,Anthony Perry,student,fruit,49,09618,78.985549,-7.119447
281,Michael Melton,shelter,meat,91,82437,-0.654595,-23.090489
282,Jessica Montgomery,student,meat,31,06252,-48.845819,44.081047
283,Sharon Sanchez,pantry,meat,23,77914,69.309000,18.077715
284,Stephanie Mack,shelter,meat,76,02089,74.2286865,-106.339721
285,Christine Haley,pantry,vegetable,24,87104,66.719603,171.094321
286,Michael Harris,pantry,meat,96,18109,9.4670445,-165.319880
287,James Pierce,student,meat,43,68931,-87.614055,65.588176
288,Sarah Collins,pantry,bakery,5,52020,-57.8613745,30.165743
289,Lisa Price,student,dairy,22,66021,-0.311843,100.124194
290,Mary Ramirez,pantry,meat,16,46718,-37.892763,137.358373
291,Debra Gill,pantry,dairy,61,79863,-39.3471075,140.703484
292,Patrick Williams,shelter,dairy,16,17328,-44.4120105,-128.790826
293,Sandra Hester,pantry,vegetable,54,82438,28.8988355,-89.393516
294,Vernon Brown,shelter,meat,47,68769,37.2085535,128.240356
295,Amanda Sanchez DVM,student,fruit,82,65284,10.253494,102.587945
296,Mark Sullivan,pantry,dairy,53,46781,-66.6651615,61.567764
297,Jamie Jacobson,student,fruit,6,11776,53.8905265,19.539672
298,Brittney Scott,student,vegetable,86,87117,79.0691475,-117.863455
299,Ashley Jenkins,shelter,meat,62,40784,75.599602,-61.131434
300,Isaac Morris,student,dairy,92,91383,54.1708465,83.563701
301,Kimberly Jones,shelter,bakery,79,98852,89.155340,-25.732570
302,Katrina Rowe,pantry,bakery,41,09406,-23.617430,-43.225643
303,Robert Parker,shelter,fruit,47,74239,-56.669013,-41.410973
304,Michelle Garza,shelter,vegetable,16,03204,-74.5478175,-46.795593
305,Seth Howard,pantry,meat,31,68429,-30.0511745,152.472410
306,Amy Johnston,shelter,vegetable,29,17054,60.3604715,-63.789984
307,David English,pantry,dairy,23,10856,4.258513,15.903913
308,Paula Scott,shelter,meat,65,36336,-37.6937695,-139.183503
309,James Moore,pantry,vegetable,65,97279,-67.668128,-50.537136
310,Tracie Lewis,shelter,fruit,6,33588,22.5540435,138.384436
311,Diana White,shelter,meat,9,37899,-16.561669,28.159754
312,Cindy Fisher,student,fruit,82,78732,1.559226,-4.793159
313,Heather Moore,student,dairy,21,76481,-66.528102,-47.279582
314,Jonathan Foster,shelter,dairy,74,80452,8.7698255,-52.277116
315,John Copeland,student,fruit,38,20504,-47.416783,130.311597
316,David Miller,pantry,dairy,97,43910,18.6982045,109.980396
317,Matthew Pierce,pantry,vegetable,44,60281,85.4823875,95.368457
318,Douglas Smith,shelter,vegetable,11,80614,31.793182,-115.521004
319,Samuel Bryant,shelter,dairy,58,36837,-63.162724,117.760061
320,Samantha Young,shelter,vegetable,40,95280,-41.738344,-177.771687
321,Larry Wood,shelter,dairy,23,34026,80.064698,-165.805865
322,Catherine Cisneros,pantry,meat,20,43654,-24.8219475,-18.928901
323,Jamie Larson,shelter,bakery,65,65981,80.4953995,-35.621718
324,Carla Jensen,shelter,dairy,57,65884,4.4024215,-34.380229
325,Sheryl Jimenez,shelter,dairy,65,96639,-16.031204,8.252879
326,Brian Ochoa,pantry,bakery,87,90475,78.6159505,-169.054740
327,Gregory Avila,student,bakery,98,87683,10.435828,112.248493
328,Shannon Ramos,student,fruit,95,32835,-1.166468,-98.095900
329,Mitchell Horne,pantry,bakery,12,44339,-2.8176815,168.195023
330,Toni Munoz,pantry,meat,40,22037,-33.8784735,28.888688
331,Beth Jones,pantry,vegetable,87,68541,74.580320,86.424269
332,Tiffany Payne,shelter,bakery,70,62166,71.323004,80.771146
333,Michelle Myers,shelter,fruit,20,62537,-40.8156675,122.396912
334,David Smith,shelter,fruit,10,78590,46.6013685,124.666652
335,Shawna Lang,shelter,fruit,25,94114,40.4251165,-174.237290
336,Heather Martinez,shelter,bakery,27,74585,37.5237095,-60.342873
337,Joe Bullock,shelter,meat,65,59372,-2.935213,168.882644
338,James Newton,pantry,vegetable,36,61711,12.659304,45.641415
339,Jason Robinson,shelter,dairy,75,15910,-28.523762,-77.915548
340,Frederick Torres,shelter,meat,59,06724,59.815288,-19.621266
341,Edward Duncan,pantry,dairy,69,44279,-26.778919,-170.318945
342,Katelyn Davis,shelter,vegetable,76,90055,23.549474,-35.115656
343,Belinda Graves,pantry,bakery,42,54899,65.981238,-44.565350
344,George Lewis,shelter,fruit,86,44591,77.572896,-69.399663
345,Lawrence Holt,shelter,fruit,29,23281,-51.6475635,-59.701213
346,Joshua Luna,pantry,dairy,40,54040,68.7406795,-19.204351
347,Amy Johnson,shelter,fruit,34,28885,73.804125,31.454086
348,Cynthia Allen,pantry,dairy,93,27585,-44.511307,-121.560902
349,Deborah Preston,pantry,dairy,34,27891,77.814943,-35.569497
350,Jeremy Miller,pantry,meat,79,92503,9.877896,2.207722
351,Stacey Kerr,pantry,bakery,54,66042,-40.701860,-81.090829
352,Jeffrey Morgan MD,shelter,vegetable,59,41811,87.036806,76.779052
353,Gilbert Martinez,pantry,vegetable,56,49838,7.0438005,37.556299
354,Andrea Leonard,pantry,vegetable,39,75327,27.338842,-143.828056
355,Dustin Barker Jr.,student,dairy,15,97754,-74.3195125,170.131570
356,Anthony Potts,student,fruit,7,44414,0.582910,-114.507379
357,Robert Foster,pantry,vegetable,74,01750,-7.9496315,-158.945343
358,Barbara Pena,student,fruit,50,87403,-24.7506535,61.223025
359,Tonya Morton,shelter,fruit,57,27720,-62.6504435,98.328144
360,Mark Dean,pantry,bakery,28,86097,64.1706515,48.826563
361,Shannon Evans,shelter,vegetable,46,26072,85.8572055,6.482597
362,Cindy Reyes,pantry,dairy,75,99447,39.4596665,106.205749
363,Donna Cox,shelter,vegetable,35,53372,63.227771,-93.638805
364,William Chang,pantry,bakery,98,44638,-35.564191,77.715987
365,Alicia Jones,student,bakery,91,32247,-72.035462,-57.511797
366,Dave Huffman,pantry,dairy,89,44276,2.399758,-47.579825
367,Martin Green,shelter,meat,73,99100,-83.6844855,38.921416
368,Douglas Petty,student,meat,89,30192,-61.304281,-61.799985
369,Jerry Le DVM,shelter,bakery,5,07552,-25.1409135,-24.906717
370,Kim Gibson,shelter,fruit,39,86082,54.339913,-153.377083
371,Kayla Dixon,student,dairy,54,88381,-12.1953075,-112.324282
372,John Stewart,student,bakery,90,01985,81.6325245,24.356447
373,Joseph Cole,student,vegetable,73,37695,23.947726,21.246142
374,Karen Waters,pantry,fruit,73,10547,-82.1519245,-27.496735
375,Linda French,shelter,vegetable,56,82177,37.360894,-153.609223
376,Jeremy Hale,pantry,dairy,33,17012,-50.707374,-34.668939
377,Craig Beltran,pantry,bakery,16,02662,32.102482,127.724403
378,Christine Blankenship,shelter,fruit,42,84632,-37.576730,-76.409843
379,Virginia Sanchez,shelter,fruit,57,90890,86.3274335,25.779675
380,Kristy Green,pantry,meat,7,86090,83.273628,60.573176
381,Courtney Leon,shelter,dairy,57,09601,33.234770,-88.022155
382,Russell Stewart,pantry,fruit,70,93612,-55.9021725,98.649052
383,Justin Stewart,student,fruit,41,77043,74.858970,114.585722
384,Crystal Marshall,student,fruit,97,72555,35.6205265,169.576637
385,Marcus Gonzales,student,bakery,96,75702,-49.3518515,8.632253
386,Michael Martinez,pantry,vegetable,36,44461,-70.8514105,56.817264
387,Abigail Smith,pantry,vegetable,23,99688,47.4181335,4.197289
388,Kelly Foster,pantry,meat,96,91346,63.3269055,-164.244526
389,Peter Gutierrez,shelter,dairy,33,10275,-36.357284,68.345314
390,Daniel Reynolds,pantry,dairy,44,53460,36.6132365,-177.287171
391,Michael Jones,pantry,bakery,89,52988,29.2161205,-5.606322
392,Christopher Hernandez,shelter,fruit,98,69273,-28.4592385,4.447497
393,Daryl Johnson,pantry,fruit,61,80461,-4.848725,-21.736975
394,Sharon Fowler,shelter,vegetable,81,21441,12.1834985,-46.542742
395,Shawn Ho,shelter,vegetable,51,61248,-74.7190675,-48.484561
396,Mackenzie Lin,student,bakery,47,60607,-64.9142655,-171.877736
397,Stephanie Phillips,shelter,fruit,67,48464,-36.188616,-44.681217
398,Lisa Ramirez,student,vegetable,63,27051,76.5575245,158.193705
399,Juan Miller,shelter,dairy,57,80289,15.4794885,142.837697
400,Heather Johnson,student,bakery,41,22040,-73.0723045,13.250260
401,Michele Wilson,student,dairy,84,94124,-57.7880485,-175.156721
402,Jackie Wilson,student,fruit,85,29280,20.6478205,-124.827187
403,Teresa Lyons,student,vegetable,51,58635,2.7967985,6.845524
404,Yvonne Howell,pantry,vegetable,95,86327,49.5215135,-154.295567
405,Christopher Jimenez,pantry,bakery,72,62687,36.804900,-92.385132
406,Christopher Perkins,student,vegetable,48,07743,-3.7708335,67.900747
407,Kevin Barber,shelter,bakery,79,39141,39.5736385,14.033375
408,Jody Jackson,shelter,bakery,91,92710,-56.2157485,-121.394667
409,Charles Norris,shelter,fruit,86,58470,51.085977,-154.186398
410,Sarah Wilson,student,dairy,47,12196,-46.2336805,-39.971990
411,Kenneth Robbins,student,meat,70,25856,25.8590365,8.034258
412,John Smith,pantry,vegetable,75,28702,-2.8417165,-12.213173
413,Kevin Farrell,shelter,bakery,65,85405,-48.570615,50.805448
414,Cynthia Cox,student,vegetable,95,70393,7.7329945,-13.092764
415,Natalie Russell,pantry,dairy,16,25117,67.242453,173.471022
416,Brandon Cunningham,shelter,dairy,87,72682,9.213521,-98.566931
417,Brandi Nelson,student,fruit,29,51709,28.4513545,-130.278728
418,Jeffrey Harrington,shelter,vegetable,86,88056,48.6939875,67.522129
419,Katherine Peterson,student,bakery,49,64015,-45.074785,-104.495860
420,Dr. John Mcconnell DDS,shelter,vegetable,62,45717,75.0985445,155.586616
421,Lisa Mack,pantry,vegetable,73,33152,17.672574,19.078632
422,Ronald Cardenas Jr.,pantry,dairy,34,39728,-80.904803,-115.824961
423,Whitney Estrada,pantry,bakery,38,98654,41.1277925,140.457832
424,Todd Phillips,student,fruit,36,51856,3.6902885,-76.106485
425,Lori Wilson,student,bakery,96,72631,56.8723135,-95.604321
426,Timothy Benson,pantry,meat,57,50479,-45.8612815,128.874005
427,Chris Snyder,student,meat,63,14505,68.2027635,115.235972
428,Jeremy Cook,pantry,bakery,56,66208,-76.297584,-154.364598
429,John Brennan,shelter,meat,57,45304,56.846463,171.067887
430,Rhonda Butler,pantry,meat,41,86619,60.3258225,114.679337
431,David Frank,shelter,bakery,93,82737,42.1793965,-44.573883
432,Taylor Thompson,pantry,fruit,5,05450,89.562168,48.174889
433,Sara Smith,shelter,bakery,62,91185,75.9252035,-119.595881
434,Mary King,pantry,meat,99,97247,18.7199065,-179.545426
435,Nancy Church,student,bakery,70,30751,-51.7977405,24.186317
436,Bryan Palmer,shelter,dairy,22,85663,32.525670,-9.012321
437,Michael Burns,student,dairy,47,59270,-9.347204,-8.596476
438,Erica York,shelter,dairy,92,63228,-15.401671,-140.552421
439,Stacie Wright,pantry,dairy,67,42179,-3.416422,-23.298361
440,David King,shelter,dairy,95,88526,10.7333685,83.861856
441,Alicia Cantrell,student,fruit,23,52152,-78.0980525,-157.864788
442,Sara Spears,shelter,fruit,8,85130,-57.4896825,48.105047
443,Michelle Miller,student,dairy,48,84562,-68.3109715,36.254944
444,Brandon Lowe,student,vegetable,29,81952,-48.822779,79.058880
445,Jennifer Pitts,student,vegetable,41,66182,-38.5496545,-43.107072
446,Holly Williams,student,dairy,26,92506,23.241123,28.421513
447,Shannon Fitzpatrick,pantry,bakery,65,20842,40.093251,-64.630566
448,Sharon Brown,pantry,fruit,74,73061,63.9863515,167.365270
449,Ricardo Meyer,pantry,vegetable,21,05374,-54.9027985,-142.478986
450,Brian Cortez,shelter,meat,26,31624,-68.131791,-175.403261
451,William Moore,student,bakery,76,20055,46.948011,-132.244520
452,Douglas Perez,pantry,meat,85,72231,6.9274385,-116.259800
453,Michelle Anderson,pantry,vegetable,28,97229,-56.925922,29.959144
454,Carlos Oliver,student,bakery,58,34414,-57.0860165,-69.754714
455,Daniel James,student,fruit,27,43617,12.2878105,169.905658
456,Daniel Wells,student,dairy,99,51585,1.324462,31.929857
457,Adrian Jackson,student,bakery,71,43259,-78.6819105,88.813998
458,Christopher Carpenter,pantry,meat,53,46322,-39.6752795,123.238114
459,Brittany Bennett,shelter,bakery,21,64463,64.2293875,-130.129608
460,Margaret Valenzuela,shelter,bakery,21,64735,44.5636445,-165.682514
461,Zachary Sanders,pantry,vegetable,73,59149,-19.2102485,90.799634
462,Craig Wheeler,student,fruit,52,97446,-34.8776625,118.712399
463,Selena Perkins,shelter,vegetable,55,09171,-4.1033055,-55.259607
464,Anthony Robinson,student,bakery,44,20623,15.0978825,-85.510658
465,Theresa Lewis,shelter,vegetable,57,08205,-11.234124,172.033339
466,Jill Black,pantry,bakery,45,78771,21.1047275,-113.191283
467,Brenda Hale,shelter,meat,91,45946,75.031667,-137.244880
468,Wanda Williams,student,fruit,81,61291,65.577828,136.723041
469,Kathy Bradley,student,dairy,83,44215,-64.439444,-124.729363
470,David Michael,shelter,vegetable,25,24674,66.6094715,-104.584965
471,Sheila Russell,shelter,dairy,45,47896,81.3295235,8.773565
472,Jonathan Simmons,shelter,dairy,22,75919,66.813608,144.595644
473,Martin Medina,student,dairy,26,68746,64.933743,90.524160
474,Mark Robinson,shelter,fruit,69,16333,58.2883685,-37.042007
475,Jesse Brown,shelter,vegetable,57,82014,-18.177989,2.461121
476,Brenda Rivera,student,fruit,94,94253,18.8843745,68.675585
477,Brian Moran,shelter,meat,85,74827,44.639556,-121.680197
478,Catherine Campbell,pantry,bakery,74,28223,-58.358853,-108.067451
479,William Harvey,pantry,dairy,25,42334,-36.1965915,-91.868689
480,Robert Ross,pantry,meat,29,09293,-87.032114,-172.920474
481,Brian Costa,pantry,vegetable,68,78464,-36.603433,-138.460812
482,Brandon Alvarez,pantry,meat,95,09340,-49.5583795,-33.588100
483,Melanie Moore,shelter,vegetable,79,14327,-36.8656495,97.867211
484,Brian Brown,student,dairy,89,89622,-70.825002,138.056868
485,Shawn Downs,pantry,dairy,76,74416,54.5612045,92.962173
486,Bryce Cummings,shelter,bakery,51,65428,-75.205691,-118.915174
487,Miss Catherine Austin,pantry,meat,99,73757,-72.354657,-73.450003
488,Alexis Jensen,shelter,meat,33,08580,-40.3790975,164.994744
489,David Rios,pantry,dairy,21,71710,26.149026,101.616058
490,Christopher Yates,pantry,fruit,9,55795,-75.026779,30.171439
491,Melanie Estes,student,bakery,42,50043,54.4389895,159.505802
492,Ronald Foster,student,bakery,32,50641,80.7284865,125.463085
493,Joseph Morgan,shelter,dairy,91,65808,-30.175958,150.425984
494,Ryan Cox,shelter,dairy,60,17961,32.259442,-93.055890
495,Elizabeth Clark,student,dairy,84,41530,49.0387715,21.759241
496,Lisa Kennedy,pantry,vegetable,47,84866,32.5686975,-170.452759
497,John Jones,student,vegetable,77,74716,-78.4952175,13.856871
498,Mary Sanders,student,vegetable,76,41364,-29.784230,160.877719
499,Grace Richardson,pantry,vegetable,47,01795,52.815345,88.026003
500,Tiffany Williams,pantry,fruit,45,25920,75.9957795,-96.309687
501,Crystal Peterson,student,fruit,83,88807,77.098256,-97.826087
502,Zachary Murphy,shelter,bakery,86,31386,-22.578574,86.776199
503,April Warner,pantry,bakery,45,03088,63.4278105,-132.583981
504,Shelly Gonzalez,shelter,bakery,60,08368,34.5203655,-174.551400
505,Amy Schroeder,pantry,fruit,73,07303,79.252987,-41.647471
506,Mark Gomez,student,dairy,61,60432,-22.937992,169.802308
507,Monica Mitchell,pantry,bakery,30,75360,70.4367435,-30.540273
508,Keith Henderson,student,vegetable,13,72626,17.536356,-48.296180
509,Jonathan Gibson,pantry,meat,91,85238,-79.483309,-147.819097
510,Matthew James DDS,shelter,fruit,86,05269,62.783150,117.389544
511,Katie Taylor,student,meat,12,94931,-74.252650,-8.555422
512,Kyle Gonzales,student,dairy,34,41821,-6.6644355,64.599674
513,Joseph Sullivan,student,fruit,65,47440,64.2434615,153.603233
514,Sara Warren,pantry,fruit,90,24902,28.264508,19.876017
515,Jacob Gibbs,shelter,vegetable,57,62857,77.631830,-160.543820
516,William Doyle,shelter,vegetable,28,38998,80.222411,-137.807588
517,Melanie Mcdowell,shelter,dairy,30,80676,67.508137,-34.396450
518,Leah Johnson,pantry,vegetable,59,25825,3.9332455,-86.029239
519,Elizabeth King,pantry,bakery,10,27287,-64.3787945,-92.677841
520,Tonya Lewis,student,dairy,13,37114,87.597360,120.881363
521,Amy White,student,bakery,16,07312,46.480569,52.780362
522,Brenda Vaughn,shelter,dairy,86,75826,-50.845595,84.446774
523,Peter Morris,pantry,dairy,78,61744,49.7786205,130.346062
524,Gregory George,pantry,meat,70,45492,-86.204816,130.314969
525,Tommy Russo,pantry,bakery,75,04732,-41.2482075,20.165563
526,Crystal Duncan,shelter,vegetable,72,87677,5.8586205,-44.580677
527,Donald English,student,dairy,56,93816,-25.046391,129.685714
528,Teresa Wilson,pantry,bakery,21,57619,79.451994,10.902054
529,James Allen,shelter,vegetable,84,60048,-64.4822695,-143.471169
530,Patrick Moreno,student,meat,27,76639,-25.3393445,25.770699
531,Stephen Smith,pantry,bakery,69,17142,17.176033,61.179033
532,Edgar Beck,pantry,dairy,85,11871,18.388783,82.558993
533,Martha Baker,pantry,fruit,7,22264,24.661642,-70.872998
534,Nicholas White,shelter,dairy,23,46572,-79.251592,-141.477823
535,Paula Ortiz,pantry,vegetable,19,35037,-34.7406585,-41.031768
536,Jim Flores,shelter,vegetable,9,99878,-41.923975,70.397700
537,Marcia Fuller,student,bakery,5,06768,-39.4409305,-37.328067
538,Joseph James,student,fruit,70,02440,70.7078195,160.267129
539,Sarah Liu,student,meat,40,73286,14.964247,142.832664
540,Andrew Obrien,student,vegetable,89,40023,7.406194,110.977280
541,Matthew Williams,student,fruit,13,58663,-65.2942545,-91.694127
542,Bradley Hall,student,fruit,5,22132,-66.099308,-12.274382
543,Tina Copeland,student,vegetable,84,90636,-81.762981,-125.354775
544,Andrew Brown,student,bakery,84,17838,-48.522682,-103.111606
545,Joseph Santiago,shelter,dairy,85,01019,61.598884,-105.491773
546,Susan Alexander,shelter,bakery,91,61153,-30.1310875,-125.624108
547,Hannah Roberts,pantry,meat,70,48088,41.416636,-152.894668
548,Brittany Randolph,student,bakery,48,03254,-17.944804,178.020550
549,Tara Harris,pantry,meat,71,97634,-18.9320945,-87.138726
550,Michelle Morgan,shelter,fruit,87,44121,-68.917029,154.042596
551,Hannah Huff,pantry,dairy,21,54308,-79.964668,90.796570
552,John Odonnell,pantry,vegetable,99,88982,40.901605,-71.422458
553,Marc Allison,pantry,dairy,96,81882,39.4538645,-33.029375
554,Caroline Boyd,shelter,dairy,26,95741,-60.4955875,-174.251749
555,Emily Houston,student,bakery,94,10621,38.270777,103.389417
556,Zachary Padilla,student,vegetable,28,08325,65.1561665,-158.810743
557,Scott Mathis,shelter,meat,61,35557,-84.7225555,62.736660
558,Bryan Woods,student,fruit,54,07543,76.8132205,173.407436
559,Melissa Jones,pantry,vegetable,77,01882,13.385896,40.751656
560,Thomas Hodge,pantry,meat,15,87040,80.1519625,-43.859911
561,Diane Beasley,student,meat,44,71122,78.907830,-0.887745
562,John West,student,fruit,72,79880,28.4596775,-157.506704
563,Wayne Woodard,pantry,bakery,34,05436,-58.5386895,108.002111
564,Mrs. Yvette French,student,fruit,92,54154,-66.2378295,132.475919
565,Katelyn Payne DVM,student,dairy,89,79063,-40.957496,-65.110405
566,Daniel Martin,pantry,fruit,28,01263,0.8525445,-37.237969
567,Alicia Hubbard,shelter,meat,59,57547,4.032496,94.088078
568,Antonio Lynch,pantry,bakery,57,75528,-87.005007,-54.507130
569,Christina Cummings,student,meat,90,40823,-54.5829735,-150.860900
570,Tammy Nelson,pantry,bakery,29,95823,-78.428653,81.383531
571,Karen Walsh,shelter,meat,99,46040,-5.5881295,13.607226
572,Cynthia Jones,shelter,meat,46,93447,-0.123859,-55.475918
573,Yvette White,shelter,bakery,30,97985,27.998774,-120.647823
574,James Washington,student,bakery,54,75947,13.414028,0.707540
575,Elizabeth Allen,pantry,vegetable,30,40166,-86.444562,-85.079929
576,Kimberly Harris,shelter,bakery,85,30226,67.144533,-11.577894
577,Dr. Kevin Smith MD,shelter,fruit,10,42609,-44.664508,139.616772
578,Monique Estrada,pantry,vegetable,99,20257,-15.586475,16.240645
579,Jennifer Miller,student,meat,17,51620,-78.7275625,128.495703
580,Austin Savage,student,fruit,30,59937,74.268361,131.565393
581,Isabella Mcneil,student,meat,40,61717,89.2295635,75.285894
582,Teresa Reyes,student,dairy,85,26696,52.111504,141.727383
583,Joshua Robinson,pantry,vegetable,97,01914,-0.9640205,110.061635
584,Brian Nelson,pantry,vegetable,51,18668,-79.814822,-145.933066
585,Charles Espinoza,shelter,vegetable,98,18159,-82.337599,-158.634574
586,Joseph Johnson,pantry,meat,52,24936,11.264310,-116.459839
587,Tammy Wolf,student,vegetable,78,58583,-83.0123075,52.973738
588,Jennifer Munoz,student,meat,85,94567,-47.569280,-131.336730
589,John Adams,student,vegetable,56,37393,-70.135068,-12.742139
590,Tiffany Reed,pantry,meat,10,70368,78.629255,-63.064464
591,Maria Saunders,pantry,vegetable,45,51797,-83.2688565,9.227381
592,Ashley Herrera,pantry,fruit,17,19333,-27.0067505,55.432543
593,Caleb Wilson,pantry,meat,39,18310,84.1386595,157.076168
594,Tammy Murphy,student,dairy,27,92470,-75.098627,51.831306
595,Randy Wilkinson,student,dairy,17,59151,-15.321843,-28.066151
596,Suzanne Booker,shelter,dairy,52,64684,32.0998485,54.799742
597,Suzanne Scott,pantry,fruit,42,79292,77.9228105,-12.452497
598,Casey Jennings,student,vegetable,76,90844,-52.8113835,-125.141859
599,Mark Washington,shelter,fruit,38,95731,26.310473,42.693220
600,Daniel Davidson,pantry,vegetable,58,78420,87.705645,-154.159232
601,Melanie Booth PhD,pantry,dairy,79,62472,71.498579,-56.919986
602,Ashley Miller,student,bakery,11,23526,56.652916,52.054288
603,David Navarro,pantry,bakery,10,44093,39.5218355,-122.861687
604,James Parker,student,meat,88,63830,-13.3461895,27.209810
605,Brian Hunter,pantry,dairy,39,22639,-10.243651,153.042925
606,Nancy Powell,shelter,dairy,42,93684,-17.2219335,-80.737874
607,Valerie Reynolds,student,bakery,80,21101,-13.235176,-56.194893
608,Craig Wheeler,shelter,dairy,51,45081,42.955409,-7.515756
609,Kyle Cole,shelter,bakery,83,58637,-70.0039245,51.535019
610,Laura Sampson,pantry,fruit,63,00650,-26.9797175,76.277553
611,Scott Rodriguez,pantry,dairy,51,81553,59.491517,-25.762419
612,Wayne Stein,student,vegetable,94,76596,-53.678167,-28.900987
613,Todd Collier,shelter,fruit,15,26957,-39.6383195,20.770825
614,David Austin,student,meat,88,59377,-83.426409,33.783024
615,Brenda Martinez,pantry,dairy,15,90544,-84.822422,131.810315
616,Katie Melendez,shelter,fruit,8,28280,-12.052557,42.728750
617,Joseph Edwards,student,vegetable,29,33855,33.435909,125.108650
618,Rachel Martinez,pantry,vegetable,93,96856,-42.828690,131.042621
619,Michelle Christensen,pantry,bakery,45,70651,-87.0453085,24.567524
620,William Peters,student,dairy,47,83539,39.817048,-144.270584
621,Tony Cruz,pantry,vegetable,84,24480,35.4418025,-88.392989
622,Cindy Jenkins,pantry,vegetable,27,57696,-31.6053865,-169.897170
623,Elizabeth Farley,student,meat,11,30868,-44.2798475,-101.157982
624,Dawn Moreno,pantry,fruit,9,01958,-27.352144,-10.624089
625,Rebecca White,shelter,meat,43,68533,-57.722343,97.079600
626,Mark Jones,shelter,meat,51,01597,-14.6348745,93.855209
627,Jonathan Harrison,shelter,vegetable,69,30704,-54.499643,-154.501017
628,Jill White,shelter,meat,31,29455,-57.512721,13.870440
629,Ricky Gonzalez,shelter,meat,26,52633,13.492375,-162.999353
630,Linda Ryan,shelter,fruit,48,85885,-72.9361435,-135.482447
631,Cynthia Hall,student,fruit,20,84663,21.007234,96.269135
632,Joshua Collins,pantry,vegetable,7,01528,33.619632,-27.391422
633,Marcus Moore,shelter,bakery,94,03066,74.1361475,-47.428430
634,Joshua Ross,pantry,bakery,99,80365,43.1991015,-169.872455
635,Jeremy Benitez,shelter,meat,82,72512,17.157380,-22.490672
636,Katherine Durham,shelter,meat,70,76134,-32.797207,-26.787677
637,Gregory Adams,shelter,bakery,83,05924,32.7679495,-126.471912
638,Jennifer Yu,pantry,dairy,17,88595,-33.2458405,-107.116836
639,Shelly Vaughn,student,dairy,34,51221,-64.2110975,153.214149
640,Shannon Morse,student,bakery,51,56671,4.2906805,140.682900
641,Alicia Meyer,pantry,bakery,34,45049,-72.4400975,-83.687482
642,Mrs. Kimberly Montgomery,pantry,fruit,97,37832,-56.9267065,-121.190552
643,Frank Mendoza,student,meat,36,95501,-15.4338925,-107.007302
644,Stephanie Russo,shelter,fruit,59,77876,-75.413899,8.328069
645,Joshua Waters,student,meat,49,74444,-7.1505505,-132.420078
646,Samantha Robertson,pantry,vegetable,44,18449,73.6345725,-52.049343
647,Justin Harris,shelter,bakery,33,22404,73.704658,-22.448963
648,Lindsey Christensen,student,fruit,92,21296,15.257041,-12.281681
649,Luis Morrow,shelter,meat,90,32232,-32.403154,-165.696760
650,Patrick Jennings,pantry,bakery,54,34893,-80.3323745,78.228791
651,Dr. Jeremy Lewis,shelter,dairy,66,59769,45.209030,17.545216
652,Monica Mcmahon,shelter,dairy,7,14001,-61.752164,-78.622965
653,Ashley Lee,student,vegetable,40,42673,88.109928,73.226428
654,Robert Yang,student,bakery,40,42194,9.8471945,89.790398
655,Sheena Gonzales,student,vegetable,56,53428,71.435954,-104.792131
656,Walter Brooks,student,vegetable,47,03241,-60.878750,-110.842291
657,Kathleen Hill,student,dairy,60,16386,82.664600,143.169066
658,Bethany Park,pantry,vegetable,83,78851,83.756989,-5.972124
659,Jonathan Vincent,student,fruit,61,94288,-24.704166,141.698980
660,Brandon Parker,pantry,dairy,97,28758,-14.946885,-29.456463
661,Kelly Ramirez,pantry,bakery,34,28696,75.2068075,63.990158
662,Brent Rogers,pantry,dairy,42,01769,-18.4665275,-76.174622
663,Robert Sanders,shelter,dairy,65,43086,-23.489189,-98.552816
664,Alec Jones,pantry,fruit,65,79518,40.586563,50.553535
665,Karen Fitzgerald,pantry,meat,69,21963,-8.135620,58.615125
666,Kristin Zamora,shelter,fruit,49,46535,14.7610395,87.509714
667,Ryan Weaver,student,vegetable,82,82470,21.676569,10.536875
668,David Marshall,shelter,meat,18,23432,36.069887,88.792019
669,Kari Watson,student,bakery,93,92290,-47.7207955,81.147399
670,Alexander Norman,shelter,vegetable,43,75262,12.554516,141.843997
671,Deanna Gilbert,pantry,dairy,42,13009,-26.0934515,34.711936
672,Lisa Krause,pantry,meat,97,02666,-38.953880,142.301384
673,Danny Burgess,shelter,vegetable,51,06577,-42.9306005,-170.767551
674,Aaron Grant,student,bakery,56,93553,3.312278,-66.141799
675,Cynthia Huynh,shelter,meat,47,27807,-27.167647,-166.172906
676,Justin Alexander,shelter,bakery,71,09770,71.785813,-162.220836
677,Taylor Lee,pantry,fruit,25,19545,-23.8396835,49.917282
678,David Cohen,student,vegetable,34,88432,-89.404677,-61.836716
679,Brandon Gonzales,student,vegetable,73,58667,-25.3878875,117.443675
680,Kevin Frazier,student,dairy,62,60364,-13.7149045,-101.044809
681,Carolyn Elliott,shelter,meat,9,74192,-65.847130,107.557648
682,Michael Johnson,pantry,fruit,37,31497,-10.8074315,178.742069
683,Keith Stewart,student,bakery,43,19328,47.8436555,-90.102470
684,Todd Hale,student,dairy,5,94690,-68.926428,13.234168
685,Marco Miller,student,dairy,64,05033,48.026713,29.155404
686,Leslie Sullivan,student,fruit,47,49714,58.2403215,159.222399
687,Melissa Burke,student,dairy,43,32763,4.855971,31.440505
688,Monica Kim,student,bakery,16,59656,84.0354395,-11.224250
689,Heather Mendez,pantry,fruit,67,46546,35.6004255,-162.488974
690,Chad Martinez,shelter,vegetable,23,25915,-21.6028485,107.410688
691,Daniel Ryan,pantry,meat,76,54943,-70.0759945,-112.286147
692,Heather Wang,shelter,meat,19,07990,58.6494095,-29.673126
693,Aaron Moore,student,fruit,18,52159,-64.193941,126.665949
694,Kimberly Powell,pantry,dairy,40,33652,32.352899,-36.163231
695,John Rich,student,fruit,62,12238,-3.778722,-163.612970
696,Kayla Reed,pantry,fruit,39,38905,-38.353737,-124.394353
697,Alexander Richardson,student,dairy,54,59744,-46.859666,-46.193319
698,Philip Ponce,shelter,meat,56,78487,75.757954,-2.843877
699,Angela Fowler,student,dairy,23,62667,-76.4587905,154.934868
700,Randall Orr,pantry,dairy,6,36910,-50.519934,17.969008
701,Michael Foster,student,meat,15,51533,-64.5449165,-3.982833
702,Mark Craig,pantry,meat,47,76362,44.976630,-58.514210
703,Leonard Cowan,pantry,vegetable,97,44759,3.332493,121.647146
704,Travis Stafford,student,vegetable,12,86221,69.1784535,147.438452
705,Andrew Harvey,student,dairy,60,62631,-81.777003,61.827037
706,Keith Rodriguez,pantry,vegetable,63,50654,-53.027338,151.513528
707,David Lozano,shelter,meat,30,71089,3.0227485,-92.472903
708,Ivan Butler,pantry,meat,90,90638,-18.414184,175.213915
709,Robert Gomez,shelter,vegetable,44,02195,86.793337,-24.921930
710,Stephanie Patel,student,dairy,21,41738,40.443634,133.244948
711,Christopher Chandler,student,meat,76,46751,84.683789,-89.934315
712,Joy Hernandez,pantry,fruit,87,33847,66.6828085,-73.930441
713,Sarah Rodriguez,pantry,bakery,43,08612,-18.465183,-12.769754
714,Clayton Molina,shelter,bakery,42,03973,40.206943,-105.669427
715,Sean Huynh,shelter,fruit,42,93587,-85.810710,-7.791362
716,Regina Morris,shelter,vegetable,23,43674,26.2863605,-31.127162
717,Frank Clark,pantry,dairy,18,79133,63.7813595,32.390054
718,Alexis Dudley,pantry,fruit,80,50363,-87.1675315,-92.203632
719,Bryan Johnson,student,meat,94,30458,5.153046,10.656247
720,Tracy Jensen,shelter,dairy,26,92515,58.438865,-126.653728
721,Tanya Williams,pantry,meat,14,37227,52.614762,-173.425596
722,Mr. Joshua Gonzales MD,pantry,meat,45,34944,-21.494815,-131.687390
723,Rachel Price,shelter,meat,79,71530,-13.435634,-50.951969
724,Mary Duncan,shelter,bakery,33,14273,28.8988775,167.532129
725,Thomas Watson,shelter,meat,57,95106,62.639460,-3.123367
726,Anthony Reed,pantry,meat,94,57031,84.4502435,-143.836899
727,Melanie Dixon,shelter,dairy,94,07551,62.5428315,-148.368479
728,Ryan Mason,shelter,bakery,63,01204,29.6471205,-132.087108
729,Patrick Ramos,pantry,fruit,50,96120,-41.462794,126.426257
730,Patrick Rodriguez,pantry,fruit,18,03613,-73.243894,102.294196
731,Thomas Day,pantry,bakery,16,62083,-58.4707575,-97.469289
732,Angela Rice,student,fruit,67,81725,-81.900186,55.224540
733,Shawn Simmons,shelter,fruit,91,42125,-17.577149,-164.152736
734,Karen Benjamin,shelter,dairy,96,06934,79.0250775,-44.915931
735,Michael Howard,shelter,bakery,61,78635,69.069545,98.135514
736,Stephen Hughes,pantry,meat,95,91282,71.4837445,170.945736
737,Jose Williams,pantry,bakery,8,43545,49.526594,-65.155239
738,Tyler Fields,shelter,bakery,66,01568,25.5811075,-32.771538
739,Sherry Guerrero,pantry,vegetable,64,45627,-83.2265355,-32.067868
740,Dale Lawson,shelter,meat,57,47527,-26.7703265,-48.178645
741,Alejandro Brewer,pantry,fruit,71,42073,-38.8629785,-136.675180
742,William Taylor,pantry,meat,94,50591,29.5601875,116.706673
743,Tyler Hopkins,shelter,dairy,35,11670,36.1137905,141.908090
744,Laura Sanders,student,meat,51,24816,-71.233426,71.884487
745,Carrie Mack,shelter,dairy,43,10780,49.158688,-170.784773
746,Albert Farrell,student,fruit,78,30437,45.870419,-144.636899
747,Michelle Espinoza,student,meat,24,14379,-21.4154655,138.338786
748,Steven Gardner,pantry,meat,26,30833,-22.9567405,78.321019
749,Jeffrey Pena,shelter,vegetable,82,22503,-54.522526,-102.038371
750,Anna Lane,student,dairy,86,84980,-73.088880,141.576105
751,Mandy Diaz,student,meat,72,03773,-40.0836325,-154.764188
752,Lisa Hart,pantry,fruit,64,09640,-0.4512835,13.268534
753,Henry Bowman,student,dairy,51,31769,1.0633805,167.196178
754,Samuel Williams,student,bakery,29,81853,80.452069,39.777755
755,Amy Huerta,shelter,meat,74,34097,84.2608565,-115.269035
756,Matthew Lopez,student,vegetable,98,26335,-6.604464,173.509049
757,Heather Irwin,pantry,bakery,29,13948,-65.7332325,42.618714
758,Kristy Lawson,shelter,bakery,31,50003,29.5527695,137.428530
759,Jennifer Morris,student,dairy,93,65052,83.5364435,-56.236435
760,Brian Williams,student,vegetable,57,37740,-58.7125125,-162.136120
761,Derrick Medina,student,bakery,19,81762,87.8680845,173.412717
762,Felicia Wilcox,student,fruit,43,86760,-87.671808,127.818335
763,Claudia Smith,pantry,meat,78,27092,3.429643,-102.276781
764,Mary Pratt,pantry,fruit,88,35556,38.5641055,-12.477436
765,Kelly Thompson,student,meat,98,54701,56.3754675,143.924772
766,Steven Charles,pantry,dairy,89,70098,72.5220305,-106.207944
767,Charles Williams,shelter,meat,37,73440,14.330325,94.747317
768,Bradley Taylor,shelter,dairy,61,28602,-10.860433,-52.844403
769,Amy Everett,shelter,bakery,7,46084,-38.863723,47.405196
770,Jared Barrett,pantry,dairy,6,65682,-25.9677035,80.343144
771,James Johnson,shelter,fruit,95,89025,74.9107285,-73.241033
772,Miss Brianna Terry MD,pantry,dairy,23,36916,73.226287,109.050367
773,Maxwell Gonzalez,student,fruit,10,64750,-45.9886665,97.237791
774,Ryan Smith,pantry,dairy,36,03296,-51.619770,-85.740784
775,Timothy Pennington,shelter,bakery,78,11429,-60.1534855,-75.471060
776,Teresa Mora,pantry,vegetable,77,98567,89.3640975,-110.435164
777,Jon Davis,student,bakery,51,50567,62.435756,-22.482411
778,Janet Carrillo,pantry,fruit,71,05094,-73.009395,-101.829723
779,Ryan Hill,shelter,dairy,92,30007,77.133349,121.691301
780,Daniel Kennedy,shelter,fruit,37,63265,-52.0823125,23.374490
781,William Ortiz,student,fruit,25,40762,16.2580335,-84.981531
782,Joe Padilla,shelter,meat,21,98678,17.641712,69.056317
783,Veronica Fuentes,student,bakery,66,98217,17.953615,-116.276452
784,Becky Schmidt,student,bakery,50,35870,36.367198,-16.078152
785,Jasmine Ramsey,pantry,dairy,79,01321,10.9329075,-56.036261
786,Stephanie Pierce,pantry,vegetable,91,03268,48.534450,71.269175
787,Patricia Bauer,student,fruit,76,77819,-88.3540155,-72.099321
788,Robert Atkinson,shelter,bakery,14,99113,82.4816665,129.622200
789,Brandon Clark,student,vegetable,86,74042,48.7978125,-106.415037
790,Melissa Ortiz,pantry,vegetable,74,27495,-22.669019,-49.656484
791,Laura Jones,pantry,dairy,14,14184,29.466788,-44.768705
792,Steven Cook,shelter,fruit,81,84499,-66.897722,60.329047
793,Stephanie Young,pantry,dairy,93,28873,-13.961986,5.727205
794,Jennifer French,student,vegetable,90,82126,-1.667827,109.938308
795,Michael Wilson,shelter,meat,63,77108,48.6152535,-51.828867
796,Christopher Shaw,shelter,meat,9,63791,-34.6918035,-134.055603
797,Christina Richardson,student,dairy,58,39834,-88.2564225,-125.520597
798,Dennis Hardin,shelter,bakery,19,16289,8.8929135,-133.100424
799,Natalie Edwards,shelter,bakery,63,36848,62.995309,-42.340648
800,Marvin Pacheco,pantry,vegetable,61,04149,46.6658245,6.359455
801,Sara Martin,shelter,bakery,34,96122,55.631688,91.887131
802,Natalie Greene,pantry,vegetable,59,95928,-51.106028,-137.566943
803,Beth Leblanc,shelter,dairy,33,14885,25.9694545,90.204540
804,Dr. Lisa Williams,shelter,fruit,61,65279,1.7374025,-174.453911
805,Richard Jones,shelter,dairy,86,44517,-65.469272,152.272316
806,Marissa Sweeney,shelter,dairy,83,73831,-37.2181205,156.693760
807,Sherry Nielsen,student,dairy,49,79239,11.4501625,-41.629076
808,Richard Calderon,pantry,vegetable,52,89606,-73.310540,104.611035
809,Denise Hanson,pantry,vegetable,73,03499,87.694052,-97.140433
810,Timothy Jones,pantry,fruit,82,36195,-69.023362,87.564601
811,Cindy Molina,shelter,meat,71,75531,45.7140325,-85.017514
812,Kevin Brown,pantry,fruit,84,92446,5.605713,105.023338
813,Katrina Day,pantry,meat,50,28864,7.867132,-142.691977
814,David Bridges,shelter,bakery,32,13587,-61.110564,-88.246884
815,Kent Thompson,pantry,vegetable,44,59199,-1.6038355,90.729690
816,William Pratt,pantry,fruit,34,90323,10.523210,117.771976
817,Michael George,pantry,vegetable,66,24598,-48.095012,134.506254
818,John Mack,pantry,fruit,15,56401,-5.5412015,-151.433540
819,Eric Brown,shelter,dairy,32,81999,-54.802294,-101.781165
820,Benjamin Moore,shelter,fruit,89,23367,11.5964735,2.214898
821,Timothy Turner,pantry,fruit,42,45086,38.0399775,-4.549008
822,Ricky Murray,pantry,bakery,78,92703,74.974806,46.713495
823,Jacob Graham,shelter,dairy,46,83297,39.2467925,127.568225
824,Guy Garcia,shelter,meat,5,35665,-14.161827,171.937028
825,Jason Ortiz,shelter,bakery,88,06170,-77.479306,-149.179386
826,Anita Hayden,student,vegetable,76,86351,-2.4381435,95.915813
827,Julia Aguilar,student,fruit,57,48474,13.9524025,130.861586
828,Alyssa Wilson,student,bakery,10,70532,-9.4050275,147.401996
829,Frank Walters,shelter,dairy,59,46278,28.5335425,157.975509
830,Luis Chapman,pantry,vegetable,19,22145,13.0967085,-48.179016
831,Janice Brown,shelter,fruit,72,72346,70.6548705,141.321218
832,Reginald Johnson,student,dairy,73,81742,52.662968,-36.909875
833,Sharon English,student,bakery,62,59392,-89.537539,25.618468
834,Jill Shah,student,vegetable,80,98695,-41.118624,57.704623
835,Sarah Blanchard,pantry,vegetable,33,82420,-29.3736135,-153.742278
836,Matthew Gray,pantry,bakery,29,18780,-89.1481505,15.145475
837,Elizabeth Santiago,student,dairy,96,69848,-40.213647,25.349574
838,Destiny Munoz,pantry,vegetable,57,74385,-85.1072225,-120.481505
839,Russell Young,shelter,bakery,93,84366,-2.501386,-46.878775
840,Barbara Crawford,shelter,fruit,9,76535,-55.6615095,90.754058
841,Michele Lopez,shelter,dairy,51,67350,-77.111863,78.611243
842,Dominic Sandoval,student,bakery,95,56035,-63.2298055,55.790177
843,Natalie Rose,student,vegetable,76,23793,-32.051529,-63.901043
844,Derrick Moran,pantry,dairy,66,90939,-35.684790,169.540329
845,Samantha Hayes,pantry,bakery,22,99231,-72.167070,-68.898853
846,Abigail Harper,shelter,fruit,50,18120,67.102572,104.867927
847,Maria Smith,student,bakery,49,52270,-63.9883925,-168.365260
848,Jeffrey Matthews,shelter,dairy,6,65470,-43.152641,-173.591421
849,Aaron Mcintosh,student,dairy,99,30014,25.103535,-112.360413
850,Daniel Boyd,student,meat,55,38793,1.1269655,172.124211
851,Louis Collins,shelter,vegetable,96,32794,-41.6274915,-47.378932
852,Mary Massey,student,dairy,19,85449,-23.355275,56.468815
853,Michael Smith,pantry,bakery,60,83048,5.6072715,-125.720807
854,Jay Bryant,shelter,bakery,58,89986,-28.8505205,154.019866
855,Margaret Jacobs,student,bakery,56,68442,1.7638605,97.192602
856,Jesus Hicks,shelter,vegetable,76,72327,-8.074590,45.131784
857,Karen Lane,student,meat,11,68690,67.802209,-157.213024
858,Marc Lyons,pantry,fruit,92,11994,14.877121,-39.500857
859,John Hughes Jr.,student,meat,99,53977,-9.700490,-64.277862
860,Alexandria Johnson,shelter,vegetable,15,54522,-67.6802865,-130.272136
861,Heather Montes,student,fruit,64,50753,-75.822149,-145.686604
862,Linda Alexander,pantry,vegetable,32,17127,42.4392235,-148.952572
863,Joseph Webb,student,fruit,65,72443,59.063412,124.344105
864,Jeanne Stanley,student,bakery,47,05831,85.670763,117.652192
865,Wesley Simmons,pantry,vegetable,6,04304,-21.0460395,-27.584372
866,Amanda Lewis,shelter,dairy,69,25451,87.5748555,78.463289
867,Amanda Rivera,shelter,bakery,91,75407,-56.1783595,64.449063
868,Kelly Maynard,pantry,vegetable,51,51976,-32.829253,93.371025
869,Valerie Mccoy,student,fruit,64,64781,-49.055354,-1.693497
870,Jack Rich,shelter,vegetable,84,17618,84.415416,89.400220
871,Cynthia Stewart,shelter,dairy,79,94020,-71.213657,96.254415
872,Brittany Deleon,student,bakery,12,10118,56.0297595,-139.901493
873,Nicholas Mccarthy,student,vegetable,70,55408,14.5146845,83.960077
874,Russell Simon,shelter,dairy,24,14714,33.7757585,-97.593451
875,Michael Aguilar,pantry,vegetable,35,81825,-10.470969,-130.695680
876,Christopher Harvey,pantry,dairy,5,26461,-29.316678,-133.103396
877,Hannah Shaw,shelter,bakery,63,96366,70.8374225,40.826436
878,Ronald Johnson,student,meat,96,08395,-25.368788,139.065194
879,Holly Waters,pantry,fruit,87,00524,-10.011248,39.532143
880,Carol Walls,shelter,fruit,83,58398,53.309696,158.063614
881,Norma Adams,pantry,dairy,15,55280,-1.517705,95.873275
882,Jacob Paul,pantry,fruit,25,64074,-53.365648,15.063466
883,Sandra Wood,shelter,dairy,84,24912,-61.597331,157.946710
884,Jessica Ray,student,fruit,42,13603,-55.6852785,107.134385
885,Donna Rogers,pantry,dairy,64,63702,43.9777825,-134.921136
886,Christopher Riley,pantry,bakery,28,31523,-86.442126,-137.978709
887,Kimberly Gomez,pantry,fruit,42,92143,-41.220798,18.262792
888,Carl Shaw,student,fruit,52,06614,-21.656258,118.564576
889,Suzanne Lewis,shelter,fruit,77,15852,-15.1311505,-27.739463
890,Ryan Lynn,student,dairy,77,87679,8.5321575,-147.377614
891,Hannah Bailey,shelter,fruit,33,89174,4.1128465,-4.984526
892,Gabriella Gordon,student,fruit,49,85281,54.4301605,10.172183
893,Rebecca Shelton,student,dairy,81,43326,70.9773575,-93.258010
894,Matthew Johnson,student,vegetable,26,61367,-10.610426,-33.701250
895,Frederick Webb,student,vegetable,97,61005,-22.4797265,-100.538459
896,Adam Ross,student,bakery,53,60388,-50.402935,97.140797
897,Debra Williamson,pantry,bakery,50,77466,-70.514622,-54.954980
898,Carl Moore,shelter,vegetable,82,73124,-69.8832325,64.846218
899,Jeffrey Moran,shelter,dairy,11,61384,-84.992094,20.333933
900,Shawn Hartman,pantry,fruit,50,25197,70.460323,-102.572489
901,Anthony Proctor,pantry,dairy,19,25296,54.9611225,-11.902135
902,Jaclyn Juarez,student,meat,74,29016,-73.423965,-106.782430
903,Jose Mejia,shelter,fruit,91,71029,22.4934265,80.092149
904,Hannah Gonzales,shelter,fruit,16,98033,4.8732415,-132.279038
905,Samantha Graham,shelter,fruit,79,65545,68.972657,80.975386
906,Gail Harding,shelter,meat,15,84092,-54.0872655,-10.040438
907,Cynthia Green,pantry,dairy,81,03349,-80.278479,-99.039945
908,Sean Hahn,shelter,fruit,25,46360,17.515425,178.602966
909,Megan Lee,student,meat,65,80904,-83.4286825,-156.026298
910,Brandon Guerrero,student,dairy,95,42245,44.631488,87.086005
911,Samantha Mitchell,pantry,bakery,65,37260,-4.218338,-126.748723
912,Emily Wang,student,fruit,12,78035,-17.5161405,-12.210895
913,Nicole Smith,student,bakery,30,75967,-29.5163715,70.239038
914,Kaitlyn Casey,shelter,vegetable,65,85956,-74.961825,-2.289678
915,Mrs. Autumn Watson MD,pantry,meat,75,67135,87.5743905,-60.977650
916,Bryan White,shelter,meat,44,77499,87.8265375,103.580577
917,Charles Williamson,student,fruit,71,64725,-77.6679215,160.007906
918,Julie Aguilar,student,vegetable,52,01380,10.7735425,33.671491
919,Lindsey Montoya,shelter,meat,59,85134,62.613911,42.132241
920,Wayne Harper,student,meat,23,58160,44.5444265,74.841508
921,Deborah Butler,pantry,meat,20,39462,-75.555891,-131.189853
922,Brenda Andrews,shelter,meat,33,07804,85.6968925,-81.365371
923,Brian Boyer,student,dairy,15,61727,-15.8005015,-64.723551
924,Cheyenne Chan,student,fruit,50,16963,58.651137,-27.189084
925,Seth Reyes,shelter,fruit,7,52515,70.404370,-150.931442
926,Holly Wolfe,shelter,meat,94,31856,-17.6447565,-3.721645
927,Mark Lawrence,pantry,fruit,58,78995,-33.6338165,-139.497541
928,Natalie Cox,pantry,vegetable,35,52071,-36.8994875,25.750705
929,Amber Owens,shelter,vegetable,36,83509,84.5534055,-144.620806
930,Connie Jones,student,meat,69,42525,64.6761455,153.496087
931,Shawn Martinez,shelter,bakery,12,81045,-9.279891,118.703399
932,Sandra Washington,pantry,vegetable,28,80875,-14.060095,-63.404496
933,Kristina Campbell,pantry,dairy,16,98866,-67.709161,-154.614580
934,Daniel Kelly,student,dairy,33,03788,-45.626148,-80.643793
935,Michael Dennis,shelter,dairy,85,07895,56.315792,-171.126558
936,John Shepherd,student,bakery,40,18809,6.3554235,143.229566
937,Virginia Bell,student,bakery,10,81927,63.768747,175.971176
938,Christopher Montes,shelter,bakery,62,54312,13.728012,-154.033143
939,Marcus Turner,pantry,dairy,38,68641,-78.9567255,72.381320
940,Kristen Vargas,student,bakery,21,61074,29.3299025,-128.547231
941,Mark Young,shelter,fruit,98,38207,51.237374,-106.266725
942,Adrian Conner,student,vegetable,10,83768,48.249446,-13.441695
943,Ashley Perez,pantry,vegetable,70,61492,-54.776630,74.857405
944,Robert Finley,shelter,fruit,94,75631,-53.3486975,103.277410
945,James Brennan,pantry,meat,32,66064,-64.217924,4.913184
946,Hunter Lamb,student,bakery,72,56517,-22.910607,-57.691687
947,Laurie Davis,student,fruit,64,43506,87.942898,17.002069
948,Sharon Powell,student,vegetable,13,36165,-0.2170605,151.527732
949,James Bates,student,bakery,36,21381,44.6229395,112.632115
950,Robert Morgan,student,meat,39,74413,12.279113,129.855370
951,Gary Phillips,pantry,bakery,10,06259,-69.552567,-110.751082
952,Jerry Rollins,pantry,meat,95,46705,20.309070,46.851056
953,Cindy Chen,shelter,bakery,41,06000,58.211410,-137.419846
954,Thomas Lopez,pantry,bakery,5,87546,-52.7681535,-179.390011
955,Ralph Berg,shelter,vegetable,33,53945,55.297205,-21.190295
956,Roy Daniels,pantry,vegetable,84,43815,76.869304,85.115652
957,Erin Jackson,student,meat,62,88521,78.2780595,150.716461
958,Joshua Obrien II,pantry,dairy,31,16066,0.3002095,13.386402
959,Barbara Moss,student,dairy,20,42522,-59.506186,27.144443
960,Justin Delgado,shelter,meat,19,15945,13.8393895,-7.706328
961,Felicia Lee,shelter,vegetable,93,36076,-4.6420475,121.400275
962,Christopher Watkins,shelter,fruit,57,38529,-41.903071,-5.259683
963,Jeffery Conrad,shelter,vegetable,12,14462,-27.5497505,72.325247
964,Jordan Jackson,student,bakery,61,05837,-81.7163625,2.603662
965,Stephanie Pratt,pantry,bakery,97,03383,-51.753976,108.438898
966,Gregory Douglas,pantry,fruit,6,27569,-34.483487,150.333342
967,Robert Aguirre,student,fruit,49,76891,74.754421,-143.811144
968,James Mcguire,student,bakery,92,71186,87.5831595,-114.816362
969,Brenda Smith,pantry,bakery,87,98643,63.114682,-17.981961
970,Amanda Mcpherson,pantry,dairy,28,54325,47.7017625,-152.719852
971,Jennifer Wilkerson,pantry,vegetable,39,65874,-48.679798,-172.291171
972,David Stafford,shelter,fruit,88,87529,-81.0637265,56.186707
973,Omar Williams,student,bakery,62,91089,13.2246825,-75.479196
974,Cynthia Watkins,pantry,dairy,88,42024,-19.4548565,1.758662
975,Connie Wood,shelter,vegetable,60,45466,71.172084,-111.666359
976,John Adams,shelter,fruit,17,58530,19.9890215,70.986944
977,Erin Johnson,pantry,dairy,64,27993,-21.0642275,127.357053
978,David Stone,pantry,bakery,22,87250,-57.1986215,-179.752561
979,Garrett Williams,student,vegetable,60,94384,78.396032,-156.480452
980,Dana Shelton,pantry,fruit,18,06580,28.519099,-164.475007
981,Emily Hansen,pantry,dairy,93,09958,62.8076525,-136.272979
982,Dean Pacheco,student,vegetable,58,01309,-73.742246,43.709992
983,Ann Butler,pantry,vegetable,72,87087,-5.1539155,77.364003
984,Dr. Teresa Davis,shelter,fruit,98,05897,-7.9454305,123.888152
985,Melissa Sutton,student,fruit,42,08819,-19.9312865,-120.345808
986,Ashley Cox,shelter,vegetable,34,11323,-26.997204,-41.316829
987,Theresa Baker,shelter,dairy,71,98580,84.2682795,-38.257626
988,Brian Prince,pantry,fruit,41,29700,-57.4387945,-145.166734
989,Christopher Larson,pantry,meat,88,40780,10.425946,-53.415753
990,Andre Jones,pantry,vegetable,36,53494,23.2258575,179.706970
991,Mackenzie Trevino,shelter,dairy,98,47737,74.761339,27.703960
992,Tamara Herrera,shelter,bakery,27,79874,-80.5035115,-84.904022
993,Michael Gonzalez,student,meat,44,67298,82.140880,-126.354697
994,Sean Everett,shelter,bakery,43,68698,47.4119265,-83.065666
995,Jeff Blackwell,pantry,vegetable,45,44734,62.0109125,109.077985
996,Christine Blackwell,student,meat,5,79521,62.870478,-93.026556
997,Katrina Martin,pantry,dairy,46,41335,-55.6744515,53.631075
998,Michelle Tucker,student,vegetable,40,32930,-6.3677325,28.089970
999,Tiffany Scott,student,meat,84,16329,-78.056738,171.741174
1000,Elizabeth Travis,pantry,dairy,85,80637,-26.426762,94.029875
